Workbook

Sheet Executive Dashboard
A1: WISDOM CHRISTIAN ACADEMY, MAKURDI
A2: STRATEGIC PILLARS MONITORING DASHBOARD (BOARD & PROPRIETOR EDITION)
A4: PILLAR 1: ACADEMIC EXCELLENCE | E4: PILLAR 2: CHRISTOCENTRIC EDUCATION | I4: PILLAR 3: DIGITAL INNOVATION
A5: Average Achievement Rate | E5: Average Achievement Rate | I5: Average Achievement Rate
A6: =AVERAGE('Master KPI Data'!I3:I10) -> 0.98874613 | E6: =AVERAGE('Master KPI Data'!I11:I17) -> 1.0039879 | I6: =AVERAGE('Master KPI Data'!I18:I23) -> 1.0097745
A7: =IF(A6>=1,"EXCEEDING",IF(A6>=0.9,"ON TRACK","NEEDS ATTENTION")) -> ON TRACK | E7: =IF(E6>=1,"EXCEEDING",IF(E6>=0.9,"ON TRACK","NEEDS ATTENTION")) -> EXCEEDING | I7: =IF(I6>=1,"EXCEEDING",IF(I6>=0.9,"ON TRACK","NEEDS ATTENTION")) -> EXCEEDING
A9: STRATEGIC PILLARS PERFORMANCE SUMMARY
A10: Pillar Name | B10: Total KPIs | C10: On Track | D10: Needs Attention | E10: Off Track | F10: Avg Achievement | G10: Overall Health Status
A11: Academic Excellence | B11: =COUNTA('Master KPI Data'!I3:I10) -> 8 | C11: =COUNTIF('Master KPI Data'!J3:J10, "ON TRACK") -> 3 | D11: =COUNTIF('Master KPI Data'!J3:J10, "NEEDS ATTENTION") -> 5 | E11: =COUNTIF('Master KPI Data'!J3:J10, "OFF TRACK") -> 0 | F11: =AVERAGE('Master KPI Data'!I3:I10) -> 0.98874613 | G11: =IF(F11>=0.95, "HEALTHY", IF(F11>=0.9, "SATISFACTORY", "CRITICAL")) -> HEALTHY
A12: Christocentric Education | B12: =COUNTA('Master KPI Data'!I11:I17) -> 7 | C12: =COUNTIF('Master KPI Data'!J11:J17, "ON TRACK") -> 5 | D12: =COUNTIF('Master KPI Data'!J11:J17, "NEEDS ATTENTION") -> 2 | E12: =COUNTIF('Master KPI Data'!J11:J17, "OFF TRACK") -> 0 | F12: =AVERAGE('Master KPI Data'!I11:I17) -> 1.0039879 | G12: =IF(F12>=0.95, "HEALTHY", IF(F12>=0.9, "SATISFACTORY", "CRITICAL")) -> HEALTHY
A13: Digital Innovation | B13: =COUNTA('Master KPI Data'!I18:I23) -> 6 | C13: =COUNTIF('Master KPI Data'!J18:J23, "ON TRACK") -> 5 | D13: =COUNTIF('Master KPI Data'!J18:J23, "NEEDS ATTENTION") -> 1 | E13: =COUNTIF('Master KPI Data'!J18:J23, "OFF TRACK") -> 0 | F13: =AVERAGE('Master KPI Data'!I18:I23) -> 1.0097745 | G13: =IF(F13>=0.95, "HEALTHY", IF(F13>=0.9, "SATISFACTORY", "CRITICAL")) -> HEALTHY
A14: TOTAL SCHOOL WIDE | B14: =SUM(B11:B13) -> 21 | C14: =SUM(C11:C13) -> 13 | D14: =SUM(D11:D13) -> 8 | E14: =SUM(E11:E13) -> 0 | F14: =AVERAGE('Master KPI Data'!I3:I23) -> 0.99983484 | G14: =IF(F14>=0.95, "HEALTHY", IF(F14>=0.9, "SATISFACTORY", "CRITICAL")) -> HEALTHY

Sheet Academic Excellence
A1: WISDOM CHRISTIAN ACADEMY — ACADEMIC EXCELLENCE
A2: Strategic Objective & Measurement Framework: Delivering rigorous, engaging, and future-ready learning experiences that foster critical thinking.
A4: KPI Code | B4: Measurable Activity | C4: Measurement Methodology & Primary Data Source | D4: Calculation Formula / Standard | E4: Data Collection Instrument | F4: Target | G4: Actual | H4: Achievement Rate | I4: Status | J4: Responsible Owner | K4: Frequency
A5: ='Master KPI Data'!A3 -> AE-01 | B5: ='Master KPI Data'!C3 -> Curriculum Coverage Rate | C5: ='Master KPI Data'!D3 -> Fortnightly audit comparing taught topics in student workbooks against approved termly Scheme of Work. | D5: ='Master KPI Data'!E3 -> (Topics Completed ÷ Planned Topics in Scheme) × 100 | E5: ='Master KPI Data'!F3 -> Appendix C: Curriculum Coverage Tracker | F5: ='Master KPI Data'!G3 -> 1 | G5: ='Master KPI Data'!H3 -> 0.96 | H5: ='Master KPI Data'!I3 -> 0.96 | I5: ='Master KPI Data'!J3 -> NEEDS ATTENTION | ... K5: ='Master KPI Data'!L3 -> Fortnightly
A6: ='Master KPI Data'!A4 -> AE-02 | B6: ='Master KPI Data'!C4 -> School-wide Examination Pass Rate | C6: ='Master KPI Data'!D4 -> Consolidated termly grading ledger across all subjects and phases (Primary & Secondary). | D6: ='Master KPI Data'!E4 -> (Students scoring ≥50% in subject ÷ Total Enrolled) × 100 | E6: ='Master KPI Data'!F4 -> Termly Broad Sheet & Examination Result Ledger | F6: ='Master KPI Data'!G4 -> 0.9 | G6: ='Master KPI Data'!H4 -> 0.92 | H6: ='Master KPI Data'!I4 -> 1.0222222 | I6: ='Master KPI Data'!J4 -> ON TRACK | ... K6: ='Master KPI Data'!L4 -> Termly
A7: ='Master KPI Data'!A5 -> AE-03 | B7: ='Master KPI Data'!C5 -> Homework Completion Rate | C7: ='Master KPI Data'!D5 -> Weekly class register check tracking homework submission and correctness. | D7: ='Master KPI Data'!E5 -> (Assignments Completed On-Time ÷ Total Assignments Given) × 100 | E7: ='Master KPI Data'!F5 -> Classroom Homework Log & Portal Submission Log | F7: ='Master KPI Data'!G5 -> 0.95 | G7: ='Master KPI Data'!H5 -> 0.94 | H7: ='Master KPI Data'!I5 -> 0.98947368 | I7: ='Master KPI Data'!J5 -> NEEDS ATTENTION | ... K7: ='Master KPI Data'!L5 -> Weekly
A8: ='Master KPI Data'!A6 -> AE-04 | B8: ='Master KPI Data'!C6 -> Learner Attendance Rate | C8: ='Master KPI Data'!D6 -> Daily morning roll call recorded on the digital portal register. | D8: ='Master KPI Data'!E6 -> (Days Present ÷ Total Instructional School Days) × 100 | E8: ='Master KPI Data'!F6 -> Digital Attendance Register System | F8: ='Master KPI Data'!G6 -> 0.95 | G8: ='Master KPI Data'!H6 -> 0.965 | H8: ='Master KPI Data'!I6 -> 1.0157895 | I8: ='Master KPI Data'!J6 -> ON TRACK | ... K8: ='Master KPI Data'!L6 -> Weekly
A9: ='Master KPI Data'!A7 -> AE-05 | B9: ='Master KPI Data'!C7 -> Lesson Plan Submission & Approval | C9: ='Master KPI Data'!D7 -> Weekly digital portal upload audit prior to Monday morning instruction. | D9: ='Master KPI Data'!E7 -> (Approved Lesson Plans Submitted On-Time ÷ Total Required) × 100 | E9: ='Master KPI Data'!F7 -> Appendix A: Weekly Lesson Plan Tracker | F9: ='Master KPI Data'!G7 -> 1 | G9: ='Master KPI Data'!H7 -> 0.98 | H9: ='Master KPI Data'!I7 -> 0.98 | I9: ='Master KPI Data'!J7 -> NEEDS ATTENTION | ... K9: ='Master KPI Data'!L7 -> Weekly
A10: ='Master KPI Data'!A8 -> AE-06 | B10: ='Master KPI Data'!C8 -> Effective or Better Lesson Observations | C10: ='Master KPI Data'!D8 -> Structured classroom observation scoring across 12 instructional standards. | D10: ='Master KPI Data'!E8 -> (Lessons Scored ≥3 'Secure' on Rubric ÷ Total Observed) × 100 | E10: ='Master KPI Data'!F8 -> Appendix B: Classroom Observation Checklist | F10: ='Master KPI Data'!G8 -> 0.9 | G10: ='Master KPI Data'!H8 -> 0.88 | H10: ='Master KPI Data'!I8 -> 0.97777778 | I10: ='Master KPI Data'!J8 -> NEEDS ATTENTION | ... K10: ='Master KPI Data'!L8 -> Termly
A11: ='Master KPI Data'!A9 -> AE-07 | B11: ='Master KPI Data'!C9 -> At-Risk Learners with Active Plan | C11: ='Master KPI Data'!D9 -> Monthly audit of students performing below 50% or marked 'Concern' against active Tier 2/3 plans. | D11: ='Master KPI Data'!E9 -> (Identified Students with Active Support Plans ÷ Total Identified At-Risk) × 100 | E11: ='Master KPI Data'!F9 -> Appendix F: Learner Academic Intervention Plan | F11: ='Master KPI Data'!G9 -> 1 | G11: ='Master KPI Data'!H9 -> 1 | H11: ='Master KPI Data'!I9 -> 1 | I11: ='Master KPI Data'!J9 -> ON TRACK | ... K11: ='Master KPI Data'!L9 -> Monthly
A12: ='Master KPI Data'!A10 -> AE-08 | B12: ='Master KPI Data'!C10 -> Reading Progress (≥1 Year Growth) | C12: ='Master KPI Data'!D10 -> Standardized diagnostic reading tests administered at start and end of academic session. | D12: ='Master KPI Data'!E10 -> (Students achieving ≥1.0 Grade-Level Increase ÷ Total Assessed) × 100 | E12: ='Master KPI Data'!F10 -> Literacy Assessment Battery & Reading Logs | F12: ='Master KPI Data'!G10 -> 0.85 | G12: ='Master KPI Data'!H10 -> 0.82 | H12: ='Master KPI Data'!I10 -> 0.96470588 | I12: ='Master KPI Data'!J10 -> NEEDS ATTENTION | ... K12: ='Master KPI Data'!L10 -> Termly
B15: Pillar Summary Performance | G15: Average Achievement: | H15: =AVERAGE(H5:H12) -> 0.98874613 | I15: =IF(H15>=1,"EXCEEDING",IF(H15>=0.9,"ON TRACK","NEEDS ATTENTION")) -> ON TRACK

Sheet Christocentric Education
A1: WISDOM CHRISTIAN ACADEMY — CHRISTOCENTRIC EDUCATION
A2: Strategic Objective & Measurement Framework: Rooting every aspect of school life in God's Word, nurturing spiritual growth and Christian character.
A4: KPI Code | B4: Measurable Activity | C4: Measurement Methodology & Primary Data Source | D4: Calculation Formula / Standard | E4: Data Collection Instrument | F4: Target | G4: Actual | H4: Achievement Rate | I4: Status | J4: Responsible Owner | K4: Frequency
A5: ='Master KPI Data'!A11 -> CE-01 | B5: ='Master KPI Data'!C11 -> Daily Devotion & Chapel Attendance | C5: ='Master KPI Data'!D11 -> Daily attendance and active participation check during morning devotion and chapel services. | D5: ='Master KPI Data'!E11 -> (Students Present & Participating ÷ Total School Roll) × 100 | E5: ='Master KPI Data'!F11 -> Chapel Attendance Log & Devotion Register | F5: ='Master KPI Data'!G11 -> 0.95 | G5: ='Master KPI Data'!H11 -> 0.97 | H5: ='Master KPI Data'!I11 -> 1.0210526 | I5: ='Master KPI Data'!J11 -> ON TRACK | ... K5: ='Master KPI Data'!L11 -> Daily
A6: ='Master KPI Data'!A12 -> CE-02 | B6: ='Master KPI Data'!C12 -> Christian Character Rating (Secure+) | C6: ='Master KPI Data'!D12 -> Termly holistic evaluation across 7 biblical character domains (Faith, Integrity, Excellence, etc.). | D6: ='Master KPI Data'!E12 -> (Students scoring Rating 3 'Secure' or 4 'Exemplary' ÷ Total Enrolled) × 100 | E6: ='Master KPI Data'!F12 -> Appendix I: Character Development Rubric | F6: ='Master KPI Data'!G12 -> 0.85 | G6: ='Master KPI Data'!H12 -> 0.88 | H6: ='Master KPI Data'!I12 -> 1.0352941 | I6: ='Master KPI Data'!J12 -> ON TRACK | ... K6: ='Master KPI Data'!L12 -> Termly
A7: ='Master KPI Data'!A13 -> CE-03 | B7: ='Master KPI Data'!C13 -> Community Service Hours per Learner | C7: ='Master KPI Data'!D13 -> Tracking student participation in school-organized outreach, peer tutoring, and campus service. | D7: ='Master KPI Data'!E13 -> Total Verified Service Hours ÷ Total Student Roll | E7: ='Master KPI Data'!F13 -> Student Leadership & Service Activity Log | F7: ='Master KPI Data'!G13 -> 10 | G7: ='Master KPI Data'!H13 -> 9.5 | H7: ='Master KPI Data'!I13 -> 0.95 | I7: ='Master KPI Data'!J13 -> NEEDS ATTENTION | ... K7: ='Master KPI Data'!L13 -> Termly
A8: ='Master KPI Data'!A14 -> CE-04 | B8: ='Master KPI Data'!C14 -> Resolved Restorative Discipline Cases | C8: ='Master KPI Data'!D14 -> Tracking disciplinary incidents managed through restorative reflection vs purely punitive measures. | D8: ='Master KPI Data'!E14 -> (Resolved Cases with Completed Restorative Agreement ÷ Total Incidents Logged) × 100 | E8: ='Master KPI Data'!F14 -> Appendix G: Behaviour Incident & Restorative Record | F8: ='Master KPI Data'!G14 -> 0.9 | G8: ='Master KPI Data'!H14 -> 0.93 | H8: ='Master KPI Data'!I14 -> 1.0333333 | I8: ='Master KPI Data'!J14 -> ON TRACK | ... K8: ='Master KPI Data'!L14 -> Monthly
A9: ='Master KPI Data'!A15 -> CE-05 | B9: ='Master KPI Data'!C15 -> Bullying Case Resolution Rate | C9: ='Master KPI Data'!D15 -> Formal tracking of reported bullying/cyberbullying incidents from report to verified follow-up closure. | D9: ='Master KPI Data'!E15 -> (Bullying Cases Fully Investigated & Closed with Safety Plan ÷ Total Reported) × 100 | E9: ='Master KPI Data'!F15 -> Appendix H: Anti-Bullying Case Management Form | F9: ='Master KPI Data'!G15 -> 1 | G9: ='Master KPI Data'!H15 -> 1 | H9: ='Master KPI Data'!I15 -> 1 | I9: ='Master KPI Data'!J15 -> ON TRACK | ... K9: ='Master KPI Data'!L15 -> Monthly
A10: ='Master KPI Data'!A16 -> CE-06 | B10: ='Master KPI Data'!C16 -> Scripture Memory & Application Mastery | C10: ='Master KPI Data'!D16 -> Bi-weekly assessment of assigned termly Bible verses and contextual application reflection. | D10: ='Master KPI Data'!E16 -> (Students Reciting and Contextually Explaining Verses ÷ Total Assessed) × 100 | E10: ='Master KPI Data'!F16 -> Scripture Memory Progress Log | F10: ='Master KPI Data'!G16 -> 0.85 | G10: ='Master KPI Data'!H16 -> 0.8 | H10: ='Master KPI Data'!I16 -> 0.94117647 | I10: ='Master KPI Data'!J16 -> NEEDS ATTENTION | ... K10: ='Master KPI Data'!L16 -> Termly
A11: ='Master KPI Data'!A17 -> CE-07 | B11: ='Master KPI Data'!C17 -> Parent-School Christian Culture Alignment | C11: ='Master KPI Data'!D17 -> Tracking parent endorsement and submission of the Christian Culture Partnership Commitment. | D11: ='Master KPI Data'!E17 -> (Signed Partnership Commitments Received ÷ Total Parent Body) × 100 | E11: ='Master KPI Data'!F17 -> Appendix K: Parent-School Partnership Charter | F11: ='Master KPI Data'!G17 -> 0.85 | G11: ='Master KPI Data'!H17 -> 0.89 | H11: ='Master KPI Data'!I17 -> 1.0470588 | I11: ='Master KPI Data'!J17 -> ON TRACK | ... K11: ='Master KPI Data'!L17 -> Termly
B14: Pillar Summary Performance | G14: Average Achievement: | H14: =AVERAGE(H5:H11) -> 1.0039879 | I14: =IF(H14>=1,"EXCEEDING",IF(H14>=0.9,"ON TRACK","NEEDS ATTENTION")) -> EXCEEDING

Sheet Digital Innovation
A1: WISDOM CHRISTIAN ACADEMY — DIGITAL INNOVATION
A2: Strategic Objective & Measurement Framework: Leveraging technology and innovative practices to create personalized, flexible digital learning.
A4: KPI Code | B4: Measurable Activity | C4: Measurement Methodology & Primary Data Source | D4: Calculation Formula / Standard | E4: Data Collection Instrument | F4: Target | G4: Actual | H4: Achievement Rate | I4: Status | J4: Responsible Owner | K4: Frequency
A5: ='Master KPI Data'!A18 -> DI-01 | B5: ='Master KPI Data'!C18 -> Digital Portal & LMS Adoption Rate | C5: ='Master KPI Data'!D18 -> Automated LMS activity logs tracking staff and student daily login, assignment submission, and resource access. | D5: ='Master KPI Data'!E18 -> (Active Weekly LMS Users ÷ Total Staff & Students) × 100 | E5: ='Master KPI Data'!F18 -> LMS System Usage Analytics Report | F5: ='Master KPI Data'!G18 -> 0.9 | G5: ='Master KPI Data'!H18 -> 0.94 | H5: ='Master KPI Data'!I18 -> 1.0444444 | I5: ='Master KPI Data'!J18 -> ON TRACK | ... K5: ='Master KPI Data'!L18 -> Weekly
A6: ='Master KPI Data'!A19 -> DI-02 | B6: ='Master KPI Data'!C19 -> Coding & STEM Project Completion | C6: ='Master KPI Data'!D19 -> Assessment of student practical project submissions in computer coding, robotics, or design challenges. | D6: ='Master KPI Data'!E19 -> (Students Completing Approved STEM Project ÷ Total Enrolled) × 100 | E6: ='Master KPI Data'!F19 -> STEM & Coding Project Assessment Rubric | F6: ='Master KPI Data'!G19 -> 0.85 | G6: ='Master KPI Data'!H19 -> 0.87 | H6: ='Master KPI Data'!I19 -> 1.0235294 | I6: ='Master KPI Data'!J19 -> ON TRACK | ... K6: ='Master KPI Data'!L19 -> Termly
A7: ='Master KPI Data'!A20 -> DI-03 | B7: ='Master KPI Data'!C20 -> AI & Digital Ethics Compliance | C7: ='Master KPI Data'!D20 -> Audit of student digital submissions for academic integrity, AI disclosure, and cybersecurity guidelines. | D7: ='Master KPI Data'!E20 -> (Audited Assignments Free of Uncredited AI / Tech Violations ÷ Total Audited) × 100 | E7: ='Master KPI Data'!F20 -> Digital Integrity Audit Log & AI Detector Check | F7: ='Master KPI Data'!G20 -> 0.95 | G7: ='Master KPI Data'!H20 -> 0.96 | H7: ='Master KPI Data'!I20 -> 1.0105263 | I7: ='Master KPI Data'!J20 -> ON TRACK | ... K7: ='Master KPI Data'!L20 -> Termly
A8: ='Master KPI Data'!A21 -> DI-04 | B8: ='Master KPI Data'!C21 -> Staff Digital Competency Mastery | C8: ='Master KPI Data'!D21 -> Termly practical evaluation of teaching staff in digital tool integration, e-assessment, and smart board use. | D8: ='Master KPI Data'!E21 -> (Staff Demonstrating Level 3+ Digital Competence ÷ Total Staff) × 100 | E8: ='Master KPI Data'!F21 -> Teacher Digital Skills Proficiency Matrix | F8: ='Master KPI Data'!G21 -> 0.85 | G8: ='Master KPI Data'!H21 -> 0.78 | H8: ='Master KPI Data'!I21 -> 0.91764706 | I8: ='Master KPI Data'!J21 -> NEEDS ATTENTION | ... K8: ='Master KPI Data'!L21 -> Termly
A9: ='Master KPI Data'!A22 -> DI-05 | B9: ='Master KPI Data'!C22 -> E-Portfolio & Digital Assessment Usage | C9: ='Master KPI Data'!D22 -> Verification of digital continuous assessment tasks and student e-portfolio updates. | D9: ='Master KPI Data'!E22 -> (Subjects Utilizing E-Assessment Tools ÷ Total Subjects Offered) × 100 | E9: ='Master KPI Data'!F22 -> Academic Portal Assessment Audit | F9: ='Master KPI Data'!G22 -> 0.8 | G9: ='Master KPI Data'!H22 -> 0.83 | H9: ='Master KPI Data'!I22 -> 1.0375 | I9: ='Master KPI Data'!J22 -> ON TRACK | ... K9: ='Master KPI Data'!L22 -> Termly
A10: ='Master KPI Data'!A23 -> DI-06 | B10: ='Master KPI Data'!C23 -> Parent Portal Engagement Rate | C10: ='Master KPI Data'!D23 -> System log tracking unique parent logins to inspect report cards, attendance, and fee status. | D10: ='Master KPI Data'!E23 -> (Unique Active Parent Portal Logins ÷ Total Enrolled Families) × 100 | E10: ='Master KPI Data'!F23 -> Parent Portal System Analytics | F10: ='Master KPI Data'!G23 -> 0.8 | G10: ='Master KPI Data'!H23 -> 0.82 | H10: ='Master KPI Data'!I23 -> 1.025 | I10: ='Master KPI Data'!J23 -> ON TRACK | ... K10: ='Master KPI Data'!L23 -> Monthly
B13: Pillar Summary Performance | G13: Average Achievement: | H13: =AVERAGE(H5:H10) -> 1.0097745 | I13: =IF(H13>=1,"EXCEEDING",IF(H13>=0.9,"ON TRACK","NEEDS ATTENTION")) -> EXCEEDING

Sheet Master KPI Data
A1: Wisdom Christian Academy, Makurdi - Master KPI Tracker & Measurement Framework
A2: KPI Code | B2: Pillar | C2: Measurable Activity / Metric | D2: Measurement Methodology & Primary Data Source | E2: Calculation Formula / Metric Standard | F2: Data Collection Instrument | G2: Target | H2: Actual | I2: Achievement % | J2: Status | K2: Owner & Verifier | L2: Frequency
A3: AE-01 | B3: Academic Excellence | C3: Curriculum Coverage Rate | D3: Fortnightly audit comparing taught topics in student workbooks against approved termly Scheme of Work. | E3: (Topics Completed ÷ Planned Topics in Scheme) × 100 | F3: Appendix C: Curriculum Coverage Tracker | G3: 1 | H3: 0.96 | I3: =H3/G3 -> 0.96 | J3: =IF(I3>=1,"ON TRACK",IF(I3>=0.9,"NEEDS ATTENTION","OFF TRACK")) -> NEEDS ATTENTION | K3: Subject Leads / HoS | L3: Fortnightly
A4: AE-02 | B4: Academic Excellence | C4: School-wide Examination Pass Rate | D4: Consolidated termly grading ledger across all subjects and phases (Primary & Secondary). | E4: (Students scoring ≥50% in subject ÷ Total Enrolled) × 100 | F4: Termly Broad Sheet & Examination Result Ledger | G4: 0.9 | H4: 0.92 | I4: =H4/G4 -> 1.0222222 | J4: =IF(I4>=1,"ON TRACK",IF(I4>=0.9,"NEEDS ATTENTION","OFF TRACK")) -> ON TRACK | K4: HoDs/AHS | L4: Termly
A5: AE-03 | B5: Academic Excellence | C5: Homework Completion Rate | D5: Weekly class register check tracking homework submission and correctness. | E5: (Assignments Completed On-Time ÷ Total Assignments Given) × 100 | F5: Classroom Homework Log & Portal Submission Log | G5: 0.95 | H5: 0.94 | I5: =H5/G5 -> 0.98947368 | J5: =IF(I5>=1,"ON TRACK",IF(I5>=0.9,"NEEDS ATTENTION","OFF TRACK")) -> NEEDS ATTENTION | K5: Class Teachers / HoDs | L5: Weekly
A6: AE-04 | B6: Academic Excellence | C6: Learner Attendance Rate | D6: Daily morning roll call recorded on the digital portal register. | E6: (Days Present ÷ Total Instructional School Days) × 100 | F6: Digital Attendance Register System | G6: 0.95 | H6: 0.965 | I6: =H6/G6 -> 1.0157895 | J6: =IF(I6>=1,"ON TRACK",IF(I6>=0.9,"NEEDS ATTENTION","OFF TRACK")) -> ON TRACK | K6: Admin Officer | L6: Weekly
A7: AE-05 | B7: Academic Excellence | C7: Lesson Plan Submission & Approval | D7: Weekly digital portal upload audit prior to Monday morning instruction. | E7: (Approved Lesson Plans Submitted On-Time ÷ Total Required) × 100 | F7: Appendix A: Weekly Lesson Plan Tracker | G7: 1 | H7: 0.98 | I7: =H7/G7 -> 0.98 | J7: =IF(I7>=1,"ON TRACK",IF(I7>=0.9,"NEEDS ATTENTION","OFF TRACK")) -> NEEDS ATTENTION | K7: HoDs/AHS | L7: Weekly
A8: AE-06 | B8: Academic Excellence | C8: Effective or Better Lesson Observations | D8: Structured classroom observation scoring across 12 instructional standards. | E8: (Lessons Scored ≥3 'Secure' on Rubric ÷ Total Observed) × 100 | F8: Appendix B: Classroom Observation Checklist | G8: 0.9 | H8: 0.88 | I8: =H8/G8 -> 0.97777778 | J8: =IF(I8>=1,"ON TRACK",IF(I8>=0.9,"NEEDS ATTENTION","OFF TRACK")) -> NEEDS ATTENTION | K8: HoS/HoDs | L8: Termly
A9: AE-07 | B9: Academic Excellence | C9: At-Risk Learners with Active Plan | D9: Monthly audit of students performing below 50% or marked 'Concern' against active Tier 2/3 plans. | E9: (Identified Students with Active Support Plans ÷ Total Identified At-Risk) × 100 | F9: Appendix F: Learner Academic Intervention Plan | G9: 1 | H9: 1 | I9: =H9/G9 -> 1 | J9: =IF(I9>=1,"ON TRACK",IF(I9>=0.9,"NEEDS ATTENTION","OFF TRACK")) -> ON TRACK | K9: Learning Support Coordinator | L9: Monthly
A10: AE-08 | B10: Academic Excellence | C10: Reading Progress (≥1 Year Growth) | D10: Standardized diagnostic reading tests administered at start and end of academic session. | E10: (Students achieving ≥1.0 Grade-Level Increase ÷ Total Assessed) × 100 | F10: Literacy Assessment Battery & Reading Logs | G10: 0.85 | H10: 0.82 | I10: =H10/G10 -> 0.96470588 | J10: =IF(I10>=1,"ON TRACK",IF(I10>=0.9,"NEEDS ATTENTION","OFF TRACK")) -> NEEDS ATTENTION | K10: Literacy Coordinator | L10: Termly
A11: CE-01 | B11: Christocentric Education | C11: Daily Devotion & Chapel Attendance | D11: Daily attendance and active participation check during morning devotion and chapel services. | E11: (Students Present & Participating ÷ Total School Roll) × 100 | F11: Chapel Attendance Log & Devotion Register | G11: 0.95 | H11: 0.97 | I11: =H11/G11 -> 1.0210526 | J11: =IF(I11>=1,"ON TRACK",IF(I11>=0.9,"NEEDS ATTENTION","OFF TRACK")) -> ON TRACK | K11: Chaplain / Class Teachers | L11: Daily
A12: CE-02 | B12: Christocentric Education | C12: Christian Character Rating (Secure+) | D12: Termly holistic evaluation across 7 biblical character domains (Faith, Integrity, Excellence, etc.). | E12: (Students scoring Rating 3 'Secure' or 4 'Exemplary' ÷ Total Enrolled) × 100 | F12: Appendix I: Character Development Rubric | G12: 0.85 | H12: 0.88 | I12: =H12/G12 -> 1.0352941 | J12: =IF(I12>=1,"ON TRACK",IF(I12>=0.9,"NEEDS ATTENTION","OFF TRACK")) -> ON TRACK | K12: Class Teachers / Chaplain | L12: Termly
A13: CE-03 | B13: Christocentric Education | C13: Community Service Hours per Learner | D13: Tracking student participation in school-organized outreach, peer tutoring, and campus service. | E13: Total Verified Service Hours ÷ Total Student Roll | F13: Student Leadership & Service Activity Log | G13: 10 | H13: 9.5 | I13: =H13/G13 -> 0.95 | J13: =IF(I13>=1,"ON TRACK",IF(I13>=0.9,"NEEDS ATTENTION","OFF TRACK")) -> NEEDS ATTENTION | K13: Student Life Coordinator | L13: Termly
A14: CE-04 | B14: Christocentric Education | C14: Resolved Restorative Discipline Cases | D14: Tracking disciplinary incidents managed through restorative reflection vs purely punitive measures. | E14: (Resolved Cases with Completed Restorative Agreement ÷ Total Incidents Logged) × 100 | F14: Appendix G: Behaviour Incident & Restorative Record | G14: 0.9 | H14: 0.93 | I14: =H14/G14 -> 1.0333333 | J14: =IF(I14>=1,"ON TRACK",IF(I14>=0.9,"NEEDS ATTENTION","OFF TRACK")) -> ON TRACK | K14: HoS | L14: Monthly
... A23: DI-06 | B23: Digital Innovation | C23: Parent Portal Engagement Rate | D23: System log tracking unique parent logins to inspect report cards, attendance, and fee status. | E23: (Unique Active Parent Portal Logins ÷ Total Enrolled Families) × 100 | F23: Parent Portal System Analytics | G23: 0.8 | H23: 0.82 | I23: =H23/G23 -> 1.025 | J23: =IF(I23>=1,"ON TRACK",IF(I23>=0.9,"NEEDS ATTENTION","OFF TRACK")) -> ON TRACK | K23: IT Consultant | L23: Monthly
